Embedding,Query,Ground Truth Disorder,Rank,Retrieved Concept,Is Correct
mpnet,"I’ve been feeling constantly overwhelmed and on edge since everything changed so suddenly, and even small daily tasks now feel hard to cope with.",Stress and adjustment reaction,1,Adjustment reaction of adult life (disorder),NO
mpnet,"I’ve been feeling constantly overwhelmed and on edge since everything changed so suddenly, and even small daily tasks now feel hard to cope with.",Stress and adjustment reaction,2,Stress and adjustment reaction (disorder),YES
mpnet,"I’ve been feeling constantly overwhelmed and on edge since everything changed so suddenly, and even small daily tasks now feel hard to cope with.",Stress and adjustment reaction,3,"Bipolar affective disorder, currently depressed, mild (disorder)",NO
mpnet,"I’ve been feeling constantly overwhelmed and on edge since everything changed so suddenly, and even small daily tasks now feel hard to cope with.",Stress and adjustment reaction,4,"Bipolar affective disorder, currently depressed, moderate (disorder)",NO
mpnet,"I’ve been feeling constantly overwhelmed and on edge since everything changed so suddenly, and even small daily tasks now feel hard to cope with.",Stress and adjustment reaction,5,Adjustment reaction of adolescence (disorder),NO
mpnet,"I feel completely drained and worn down, as if I have nothing left to give, and even getting through the day feels exhausting.",Physical and emotional exhaustion state,1,"Major depression, melancholic type (disorder)",NO
mpnet,"I feel completely drained and worn down, as if I have nothing left to give, and even getting through the day feels exhausting.",Physical and emotional exhaustion state,2,Physical AND emotional exhaustion state (disorder),YES
mpnet,"I feel completely drained and worn down, as if I have nothing left to give, and even getting through the day feels exhausting.",Physical and emotional exhaustion state,3,"Bipolar affective disorder, currently depressed, moderate (disorder)",NO
mpnet,"I feel completely drained and worn down, as if I have nothing left to give, and even getting through the day feels exhausting.",Physical and emotional exhaustion state,4,"Chronic bipolar I disorder, most recent episode depressed (disorder)",NO
mpnet,"I feel completely drained and worn down, as if I have nothing left to give, and even getting through the day feels exhausting.",Physical and emotional exhaustion state,5,"Bipolar affective disorder, currently depressed, mild (disorder)",NO
mpnet,"I feel intense fear and uneasiness when I’m away from the people I’m close to, and it’s hard for me to relax or focus until I know they’re okay.",Separation anxiety,1,Separation anxiety (disorder),YES
mpnet,"I feel intense fear and uneasiness when I’m away from the people I’m close to, and it’s hard for me to relax or focus until I know they’re okay.",Separation anxiety,2,Separation anxiety disorder of childhood (disorder),NO
mpnet,"I feel intense fear and uneasiness when I’m away from the people I’m close to, and it’s hard for me to relax or focus until I know they’re okay.",Separation anxiety,3,Simple paranoid state (disorder),NO
mpnet,"I feel intense fear and uneasiness when I’m away from the people I’m close to, and it’s hard for me to relax or focus until I know they’re okay.",Separation anxiety,4,"Separation anxiety disorder of childhood, early onset (disorder)",NO
mpnet,"I feel intense fear and uneasiness when I’m away from the people I’m close to, and it’s hard for me to relax or focus until I know they’re okay.",Separation anxiety,5,Paranoia querulans (disorder),NO
mpnet,"I’m struggling to adapt to recent changes in my life, and I feel unsettled and unsure of myself in ways I didn’t expect.",Adjustment reaction of adult life,1,Adjustment reaction of adult life (disorder),YES
mpnet,"I’m struggling to adapt to recent changes in my life, and I feel unsettled and unsure of myself in ways I didn’t expect.",Adjustment reaction of adult life,2,Change in personality (disorder),NO
mpnet,"I’m struggling to adapt to recent changes in my life, and I feel unsettled and unsure of myself in ways I didn’t expect.",Adjustment reaction of adult life,3,Adjustment reaction of adolescence (disorder),NO
mpnet,"I’m struggling to adapt to recent changes in my life, and I feel unsettled and unsure of myself in ways I didn’t expect.",Adjustment reaction of adult life,4,Adjustment reaction of late life (disorder),NO
mpnet,"I’m struggling to adapt to recent changes in my life, and I feel unsettled and unsure of myself in ways I didn’t expect.",Adjustment reaction of adult life,5,Adjustment disorder in remission (disorder),NO
mpnet,"I keep going over the same thoughts again and again, unable to let them go, even when I know it’s not helping me feel better.",Rumination disorder,1,Recurrent depression (disorder),NO
mpnet,"I keep going over the same thoughts again and again, unable to let them go, even when I know it’s not helping me feel better.",Rumination disorder,2,Recurrent major depression (disorder),NO
mpnet,"I keep going over the same thoughts again and again, unable to let them go, even when I know it’s not helping me feel better.",Rumination disorder,3,Psychogenic rumination (disorder),NO
mpnet,"I keep going over the same thoughts again and again, unable to let them go, even when I know it’s not helping me feel better.",Rumination disorder,4,Recurrent major depressive episodes (disorder),NO
mpnet,"I keep going over the same thoughts again and again, unable to let them go, even when I know it’s not helping me feel better.",Rumination disorder,5,Recurrent brief depressive disorder (disorder),NO
mpnet,"I’ve been feeling persistently low and weighed down since the changes in my life, and the sadness hasn’t lifted even as time has passed.",Prolonged depressive adjustment reaction,1,"Major depression, melancholic type (disorder)",NO
mpnet,"I’ve been feeling persistently low and weighed down since the changes in my life, and the sadness hasn’t lifted even as time has passed.",Prolonged depressive adjustment reaction,2,Prolonged depressive adjustment reaction (disorder),YES
mpnet,"I’ve been feeling persistently low and weighed down since the changes in my life, and the sadness hasn’t lifted even as time has passed.",Prolonged depressive adjustment reaction,3,Brief depressive adjustment reaction (disorder),NO
mpnet,"I’ve been feeling persistently low and weighed down since the changes in my life, and the sadness hasn’t lifted even as time has passed.",Prolonged depressive adjustment reaction,4,Recurrent depression (disorder),NO
mpnet,"I’ve been feeling persistently low and weighed down since the changes in my life, and the sadness hasn’t lifted even as time has passed.",Prolonged depressive adjustment reaction,5,"Single major depressive episode, in full remission (disorder)",NO
mpnet,"I’ve been feeling deeply low for a long time now, with little motivation or hope, and it’s hard to remember what it feels like to be myself again.","Chronic bipolar I disorder, most recent episode depressed",1,"Major depression, melancholic type (disorder)",NO
mpnet,"I’ve been feeling deeply low for a long time now, with little motivation or hope, and it’s hard to remember what it feels like to be myself again.","Chronic bipolar I disorder, most recent episode depressed",2,Recurrent depression (disorder),NO
mpnet,"I’ve been feeling deeply low for a long time now, with little motivation or hope, and it’s hard to remember what it feels like to be myself again.","Chronic bipolar I disorder, most recent episode depressed",3,"Single major depressive episode, in full remission (disorder)",NO
mpnet,"I’ve been feeling deeply low for a long time now, with little motivation or hope, and it’s hard to remember what it feels like to be myself again.","Chronic bipolar I disorder, most recent episode depressed",4,Severe depression (disorder),NO
mpnet,"I’ve been feeling deeply low for a long time now, with little motivation or hope, and it’s hard to remember what it feels like to be myself again.","Chronic bipolar I disorder, most recent episode depressed",5,Recurrent major depression (disorder),NO
mpnet,"I feel blocked and stuck when it comes to my studies or work, even though I want to move forward, and it leaves me feeling frustrated and discouraged.",Specific academic or work inhibition,1,Specific academic or work inhibition (disorder),YES
mpnet,"I feel blocked and stuck when it comes to my studies or work, even though I want to move forward, and it leaves me feeling frustrated and discouraged.",Specific academic or work inhibition,2,Adjustment disorder with work inhibition (disorder),NO
mpnet,"I feel blocked and stuck when it comes to my studies or work, even though I want to move forward, and it leaves me feeling frustrated and discouraged.",Specific academic or work inhibition,3,Adjustment disorder with academic inhibition (disorder),NO
mpnet,"I feel blocked and stuck when it comes to my studies or work, even though I want to move forward, and it leaves me feeling frustrated and discouraged.",Specific academic or work inhibition,4,Academic underachievement disorder (disorder),NO
mpnet,"I feel blocked and stuck when it comes to my studies or work, even though I want to move forward, and it leaves me feeling frustrated and discouraged.",Specific academic or work inhibition,5,Adjustment reaction of adult life (disorder),NO
mpnet,"I feel like I’m not performing to my potential academically, even though I put in effort, and it leaves me feeling disappointed and unsure of my abilities.",Academic underachievement disorder,1,Academic underachievement disorder (disorder),YES
mpnet,"I feel like I’m not performing to my potential academically, even though I put in effort, and it leaves me feeling disappointed and unsure of my abilities.",Academic underachievement disorder,2,Specific academic or work inhibition (disorder),NO
mpnet,"I feel like I’m not performing to my potential academically, even though I put in effort, and it leaves me feeling disappointed and unsure of my abilities.",Academic underachievement disorder,3,Adjustment disorder with academic inhibition (disorder),NO
mpnet,"I feel like I’m not performing to my potential academically, even though I put in effort, and it leaves me feeling disappointed and unsure of my abilities.",Academic underachievement disorder,4,Developmental academic disorder (disorder),NO
mpnet,"I feel like I’m not performing to my potential academically, even though I put in effort, and it leaves me feeling disappointed and unsure of my abilities.",Academic underachievement disorder,5,Mixed disorder of scholastic skills (disorder),NO
mpnet,"I feel constantly overwhelmed by the responsibility of caring for someone else, and it’s becoming harder to manage my own needs without feeling guilty or exhausted.",Carer stress syndrome,1,Carer stress syndrome (disorder),YES
mpnet,"I feel constantly overwhelmed by the responsibility of caring for someone else, and it’s becoming harder to manage my own needs without feeling guilty or exhausted.",Carer stress syndrome,2,Pathological demand avoidance (disorder),NO
mpnet,"I feel constantly overwhelmed by the responsibility of caring for someone else, and it’s becoming harder to manage my own needs without feeling guilty or exhausted.",Carer stress syndrome,3,Physical AND emotional exhaustion state (disorder),NO
mpnet,"I feel constantly overwhelmed by the responsibility of caring for someone else, and it’s becoming harder to manage my own needs without feeling guilty or exhausted.",Carer stress syndrome,4,"Major depression, melancholic type (disorder)",NO
mpnet,"I feel constantly overwhelmed by the responsibility of caring for someone else, and it’s becoming harder to manage my own needs without feeling guilty or exhausted.",Carer stress syndrome,5,Munchausen syndrome by proxy (disorder),NO
sapbert,"I’ve been feeling constantly overwhelmed and on edge since everything changed so suddenly, and even small daily tasks now feel hard to cope with.",Stress and adjustment reaction,1,Adjustment disorder with work inhibition (disorder),NO
sapbert,"I’ve been feeling constantly overwhelmed and on edge since everything changed so suddenly, and even small daily tasks now feel hard to cope with.",Stress and adjustment reaction,2,Adjustment disorder with mixed disturbance of emotions and conduct in remission (disorder),NO
sapbert,"I’ve been feeling constantly overwhelmed and on edge since everything changed so suddenly, and even small daily tasks now feel hard to cope with.",Stress and adjustment reaction,3,Combat fatigue (disorder),NO
sapbert,"I’ve been feeling constantly overwhelmed and on edge since everything changed so suddenly, and even small daily tasks now feel hard to cope with.",Stress and adjustment reaction,4,Adjustment disorder with mixed disturbance of emotions AND conduct (disorder),NO
sapbert,"I’ve been feeling constantly overwhelmed and on edge since everything changed so suddenly, and even small daily tasks now feel hard to cope with.",Stress and adjustment reaction,5,"Recurrent manic episodes, moderate (disorder)",NO
sapbert,"I feel completely drained and worn down, as if I have nothing left to give, and even getting through the day feels exhausting.",Physical and emotional exhaustion state,1,Dissociative disorder in remission (disorder),NO
sapbert,"I feel completely drained and worn down, as if I have nothing left to give, and even getting through the day feels exhausting.",Physical and emotional exhaustion state,2,Uncomplicated alcohol withdrawal (disorder),NO
sapbert,"I feel completely drained and worn down, as if I have nothing left to give, and even getting through the day feels exhausting.",Physical and emotional exhaustion state,3,Self-induced purging to lose weight (disorder),NO
sapbert,"I feel completely drained and worn down, as if I have nothing left to give, and even getting through the day feels exhausting.",Physical and emotional exhaustion state,4,Delirium in remission (disorder),NO
sapbert,"I feel completely drained and worn down, as if I have nothing left to give, and even getting through the day feels exhausting.",Physical and emotional exhaustion state,5,Physical AND emotional exhaustion state (disorder),YES
sapbert,"I feel intense fear and uneasiness when I’m away from the people I’m close to, and it’s hard for me to relax or focus until I know they’re okay.",Separation anxiety,1,Dream anxiety disorder (disorder),NO
sapbert,"I feel intense fear and uneasiness when I’m away from the people I’m close to, and it’s hard for me to relax or focus until I know they’re okay.",Separation anxiety,2,Separation anxiety (disorder),YES
sapbert,"I feel intense fear and uneasiness when I’m away from the people I’m close to, and it’s hard for me to relax or focus until I know they’re okay.",Separation anxiety,3,Anxiety hyperventilation (disorder),NO
sapbert,"I feel intense fear and uneasiness when I’m away from the people I’m close to, and it’s hard for me to relax or focus until I know they’re okay.",Separation anxiety,4,"Separation anxiety disorder of childhood, early onset (disorder)",NO
sapbert,"I feel intense fear and uneasiness when I’m away from the people I’m close to, and it’s hard for me to relax or focus until I know they’re okay.",Separation anxiety,5,Childhood and adolescent fearfulness disturbance (disorder),NO
sapbert,"I’m struggling to adapt to recent changes in my life, and I feel unsettled and unsure of myself in ways I didn’t expect.",Adjustment reaction of adult life,1,Adjustment reaction of adult life (disorder),YES
sapbert,"I’m struggling to adapt to recent changes in my life, and I feel unsettled and unsure of myself in ways I didn’t expect.",Adjustment reaction of adult life,2,Adjustment reaction of late life (disorder),NO
sapbert,"I’m struggling to adapt to recent changes in my life, and I feel unsettled and unsure of myself in ways I didn’t expect.",Adjustment reaction of adult life,3,Adjustment disorder (disorder),NO
sapbert,"I’m struggling to adapt to recent changes in my life, and I feel unsettled and unsure of myself in ways I didn’t expect.",Adjustment reaction of adult life,4,Adjustment disorder with withdrawal (disorder),NO
sapbert,"I’m struggling to adapt to recent changes in my life, and I feel unsettled and unsure of myself in ways I didn’t expect.",Adjustment reaction of adult life,5,Adjustment disorder in remission (disorder),NO
sapbert,"I keep going over the same thoughts again and again, unable to let them go, even when I know it’s not helping me feel better.",Rumination disorder,1,Specific academic or work inhibition (disorder),NO
sapbert,"I keep going over the same thoughts again and again, unable to let them go, even when I know it’s not helping me feel better.",Rumination disorder,2,Adjustment disorder with academic inhibition (disorder),NO
sapbert,"I keep going over the same thoughts again and again, unable to let them go, even when I know it’s not helping me feel better.",Rumination disorder,3,Rumination disorder (disorder),YES
sapbert,"I keep going over the same thoughts again and again, unable to let them go, even when I know it’s not helping me feel better.",Rumination disorder,4,Psychogenic rumination (disorder),NO
sapbert,"I keep going over the same thoughts again and again, unable to let them go, even when I know it’s not helping me feel better.",Rumination disorder,5,Adjustment disorder with anxious mood in remission (disorder),NO
sapbert,"I’ve been feeling persistently low and weighed down since the changes in my life, and the sadness hasn’t lifted even as time has passed.",Prolonged depressive adjustment reaction,1,Adjustment disorder with depressed mood (disorder),NO
sapbert,"I’ve been feeling persistently low and weighed down since the changes in my life, and the sadness hasn’t lifted even as time has passed.",Prolonged depressive adjustment reaction,2,Prolonged depressive adjustment reaction (disorder),YES
sapbert,"I’ve been feeling persistently low and weighed down since the changes in my life, and the sadness hasn’t lifted even as time has passed.",Prolonged depressive adjustment reaction,3,Adjustment disorder with depressed mood in remission (disorder),NO
sapbert,"I’ve been feeling persistently low and weighed down since the changes in my life, and the sadness hasn’t lifted even as time has passed.",Prolonged depressive adjustment reaction,4,Bulimia nervosa in remission (disorder),NO
sapbert,"I’ve been feeling persistently low and weighed down since the changes in my life, and the sadness hasn’t lifted even as time has passed.",Prolonged depressive adjustment reaction,5,Self-induced purging to lose weight (disorder),NO
sapbert,"I’ve been feeling deeply low for a long time now, with little motivation or hope, and it’s hard to remember what it feels like to be myself again.","Chronic bipolar I disorder, most recent episode depressed",1,"Bipolar affective disorder, currently depressed, in full remission (disorder)",NO
sapbert,"I’ve been feeling deeply low for a long time now, with little motivation or hope, and it’s hard to remember what it feels like to be myself again.","Chronic bipolar I disorder, most recent episode depressed",2,"Bipolar affective disorder, currently depressed, mild (disorder)",NO
sapbert,"I’ve been feeling deeply low for a long time now, with little motivation or hope, and it’s hard to remember what it feels like to be myself again.","Chronic bipolar I disorder, most recent episode depressed",3,Adjustment disorder with depressed mood in remission (disorder),NO
sapbert,"I’ve been feeling deeply low for a long time now, with little motivation or hope, and it’s hard to remember what it feels like to be myself again.","Chronic bipolar I disorder, most recent episode depressed",4,Recurrent brief depressive disorder (disorder),NO
sapbert,"I’ve been feeling deeply low for a long time now, with little motivation or hope, and it’s hard to remember what it feels like to be myself again.","Chronic bipolar I disorder, most recent episode depressed",5,"Bipolar affective disorder, currently depressed, severe, with psychosis (disorder)",NO
sapbert,"I feel blocked and stuck when it comes to my studies or work, even though I want to move forward, and it leaves me feeling frustrated and discouraged.",Specific academic or work inhibition,1,Specific work inhibition (disorder),NO
sapbert,"I feel blocked and stuck when it comes to my studies or work, even though I want to move forward, and it leaves me feeling frustrated and discouraged.",Specific academic or work inhibition,2,Specific academic or work inhibition (disorder),YES
sapbert,"I feel blocked and stuck when it comes to my studies or work, even though I want to move forward, and it leaves me feeling frustrated and discouraged.",Specific academic or work inhibition,3,Adjustment disorder with work inhibition (disorder),NO
sapbert,"I feel blocked and stuck when it comes to my studies or work, even though I want to move forward, and it leaves me feeling frustrated and discouraged.",Specific academic or work inhibition,4,Academic underachievement disorder (disorder),NO
sapbert,"I feel blocked and stuck when it comes to my studies or work, even though I want to move forward, and it leaves me feeling frustrated and discouraged.",Specific academic or work inhibition,5,Adjustment disorder with academic inhibition (disorder),NO
sapbert,"I feel like I’m not performing to my potential academically, even though I put in effort, and it leaves me feeling disappointed and unsure of my abilities.",Academic underachievement disorder,1,Academic underachievement disorder (disorder),YES
sapbert,"I feel like I’m not performing to my potential academically, even though I put in effort, and it leaves me feeling disappointed and unsure of my abilities.",Academic underachievement disorder,2,Specific academic or work inhibition (disorder),NO
sapbert,"I feel like I’m not performing to my potential academically, even though I put in effort, and it leaves me feeling disappointed and unsure of my abilities.",Academic underachievement disorder,3,Borderline mental retardation (Intelligence Quotient 70-85) (disorder),NO
sapbert,"I feel like I’m not performing to my potential academically, even though I put in effort, and it leaves me feeling disappointed and unsure of my abilities.",Academic underachievement disorder,4,Developmental academic disorder (disorder),NO
sapbert,"I feel like I’m not performing to my potential academically, even though I put in effort, and it leaves me feeling disappointed and unsure of my abilities.",Academic underachievement disorder,5,Specific work inhibition (disorder),NO
sapbert,"I feel constantly overwhelmed by the responsibility of caring for someone else, and it’s becoming harder to manage my own needs without feeling guilty or exhausted.",Carer stress syndrome,1,Specific number difficulty (disorder),NO
sapbert,"I feel constantly overwhelmed by the responsibility of caring for someone else, and it’s becoming harder to manage my own needs without feeling guilty or exhausted.",Carer stress syndrome,2,Carer stress syndrome (disorder),YES
sapbert,"I feel constantly overwhelmed by the responsibility of caring for someone else, and it’s becoming harder to manage my own needs without feeling guilty or exhausted.",Carer stress syndrome,3,Combat fatigue (disorder),NO
sapbert,"I feel constantly overwhelmed by the responsibility of caring for someone else, and it’s becoming harder to manage my own needs without feeling guilty or exhausted.",Carer stress syndrome,4,Physical AND emotional exhaustion state (disorder),NO
sapbert,"I feel constantly overwhelmed by the responsibility of caring for someone else, and it’s becoming harder to manage my own needs without feeling guilty or exhausted.",Carer stress syndrome,5,Generalized neuromuscular exhaustion syndrome (disorder),NO
bioreddit,"I’ve been feeling constantly overwhelmed and on edge since everything changed so suddenly, and even small daily tasks now feel hard to cope with.",Stress and adjustment reaction,1,"Moderate major depression, single episode (disorder)",NO
bioreddit,"I’ve been feeling constantly overwhelmed and on edge since everything changed so suddenly, and even small daily tasks now feel hard to cope with.",Stress and adjustment reaction,2,"Mild major depression, single episode (disorder)",NO
bioreddit,"I’ve been feeling constantly overwhelmed and on edge since everything changed so suddenly, and even small daily tasks now feel hard to cope with.",Stress and adjustment reaction,3,"Single manic episode, moderate (disorder)",NO
bioreddit,"I’ve been feeling constantly overwhelmed and on edge since everything changed so suddenly, and even small daily tasks now feel hard to cope with.",Stress and adjustment reaction,4,"Single manic episode, mild (disorder)",NO
bioreddit,"I’ve been feeling constantly overwhelmed and on edge since everything changed so suddenly, and even small daily tasks now feel hard to cope with.",Stress and adjustment reaction,5,Physical AND emotional exhaustion state (disorder),NO
bioreddit,"I feel completely drained and worn down, as if I have nothing left to give, and even getting through the day feels exhausting.",Physical and emotional exhaustion state,1,"Single manic episode, moderate (disorder)",NO
bioreddit,"I feel completely drained and worn down, as if I have nothing left to give, and even getting through the day feels exhausting.",Physical and emotional exhaustion state,2,"Moderate major depression, single episode (disorder)",NO
bioreddit,"I feel completely drained and worn down, as if I have nothing left to give, and even getting through the day feels exhausting.",Physical and emotional exhaustion state,3,"Single manic episode, mild (disorder)",NO
bioreddit,"I feel completely drained and worn down, as if I have nothing left to give, and even getting through the day feels exhausting.",Physical and emotional exhaustion state,4,"Mild major depression, single episode (disorder)",NO
bioreddit,"I feel completely drained and worn down, as if I have nothing left to give, and even getting through the day feels exhausting.",Physical and emotional exhaustion state,5,Physical AND emotional exhaustion state (disorder),YES
bioreddit,"I feel intense fear and uneasiness when I’m away from the people I’m close to, and it’s hard for me to relax or focus until I know they’re okay.",Separation anxiety,1,Physical AND emotional exhaustion state (disorder),NO
bioreddit,"I feel intense fear and uneasiness when I’m away from the people I’m close to, and it’s hard for me to relax or focus until I know they’re okay.",Separation anxiety,2,Reactive depression (situational) (disorder),NO
bioreddit,"I feel intense fear and uneasiness when I’m away from the people I’m close to, and it’s hard for me to relax or focus until I know they’re okay.",Separation anxiety,3,"Single manic episode, moderate (disorder)",NO
bioreddit,"I feel intense fear and uneasiness when I’m away from the people I’m close to, and it’s hard for me to relax or focus until I know they’re okay.",Separation anxiety,4,"Mild major depression, single episode (disorder)",NO
bioreddit,"I feel intense fear and uneasiness when I’m away from the people I’m close to, and it’s hard for me to relax or focus until I know they’re okay.",Separation anxiety,5,"Moderate major depression, single episode (disorder)",NO
bioreddit,"I’m struggling to adapt to recent changes in my life, and I feel unsettled and unsure of myself in ways I didn’t expect.",Adjustment reaction of adult life,1,"Moderate major depression, single episode (disorder)",NO
bioreddit,"I’m struggling to adapt to recent changes in my life, and I feel unsettled and unsure of myself in ways I didn’t expect.",Adjustment reaction of adult life,2,Reactive depression (situational) (disorder),NO
bioreddit,"I’m struggling to adapt to recent changes in my life, and I feel unsettled and unsure of myself in ways I didn’t expect.",Adjustment reaction of adult life,3,"Mild major depression, single episode (disorder)",NO
bioreddit,"I’m struggling to adapt to recent changes in my life, and I feel unsettled and unsure of myself in ways I didn’t expect.",Adjustment reaction of adult life,4,"Single manic episode, moderate (disorder)",NO
bioreddit,"I’m struggling to adapt to recent changes in my life, and I feel unsettled and unsure of myself in ways I didn’t expect.",Adjustment reaction of adult life,5,Physical AND emotional exhaustion state (disorder),NO
bioreddit,"I keep going over the same thoughts again and again, unable to let them go, even when I know it’s not helping me feel better.",Rumination disorder,1,Reactive depression (situational) (disorder),NO
bioreddit,"I keep going over the same thoughts again and again, unable to let them go, even when I know it’s not helping me feel better.",Rumination disorder,2,Physical AND emotional exhaustion state (disorder),NO
bioreddit,"I keep going over the same thoughts again and again, unable to let them go, even when I know it’s not helping me feel better.",Rumination disorder,3,"Moderate major depression, single episode (disorder)",NO
bioreddit,"I keep going over the same thoughts again and again, unable to let them go, even when I know it’s not helping me feel better.",Rumination disorder,4,"Mild major depression, single episode (disorder)",NO
bioreddit,"I keep going over the same thoughts again and again, unable to let them go, even when I know it’s not helping me feel better.",Rumination disorder,5,"Single manic episode, moderate (disorder)",NO
bioreddit,"I’ve been feeling persistently low and weighed down since the changes in my life, and the sadness hasn’t lifted even as time has passed.",Prolonged depressive adjustment reaction,1,"Single manic episode, moderate (disorder)",NO
bioreddit,"I’ve been feeling persistently low and weighed down since the changes in my life, and the sadness hasn’t lifted even as time has passed.",Prolonged depressive adjustment reaction,2,"Moderate major depression, single episode (disorder)",NO
bioreddit,"I’ve been feeling persistently low and weighed down since the changes in my life, and the sadness hasn’t lifted even as time has passed.",Prolonged depressive adjustment reaction,3,"Single manic episode, mild (disorder)",NO
bioreddit,"I’ve been feeling persistently low and weighed down since the changes in my life, and the sadness hasn’t lifted even as time has passed.",Prolonged depressive adjustment reaction,4,"Mild major depression, single episode (disorder)",NO
bioreddit,"I’ve been feeling persistently low and weighed down since the changes in my life, and the sadness hasn’t lifted even as time has passed.",Prolonged depressive adjustment reaction,5,Major depression in partial remission (disorder),NO
bioreddit,"I’ve been feeling deeply low for a long time now, with little motivation or hope, and it’s hard to remember what it feels like to be myself again.","Chronic bipolar I disorder, most recent episode depressed",1,"Single manic episode, moderate (disorder)",NO
bioreddit,"I’ve been feeling deeply low for a long time now, with little motivation or hope, and it’s hard to remember what it feels like to be myself again.","Chronic bipolar I disorder, most recent episode depressed",2,"Moderate major depression, single episode (disorder)",NO
bioreddit,"I’ve been feeling deeply low for a long time now, with little motivation or hope, and it’s hard to remember what it feels like to be myself again.","Chronic bipolar I disorder, most recent episode depressed",3,"Single manic episode, mild (disorder)",NO
bioreddit,"I’ve been feeling deeply low for a long time now, with little motivation or hope, and it’s hard to remember what it feels like to be myself again.","Chronic bipolar I disorder, most recent episode depressed",4,"Mild major depression, single episode (disorder)",NO
bioreddit,"I’ve been feeling deeply low for a long time now, with little motivation or hope, and it’s hard to remember what it feels like to be myself again.","Chronic bipolar I disorder, most recent episode depressed",5,Physical AND emotional exhaustion state (disorder),NO
bioreddit,"I feel blocked and stuck when it comes to my studies or work, even though I want to move forward, and it leaves me feeling frustrated and discouraged.",Specific academic or work inhibition,1,"Moderate major depression, single episode (disorder)",NO
bioreddit,"I feel blocked and stuck when it comes to my studies or work, even though I want to move forward, and it leaves me feeling frustrated and discouraged.",Specific academic or work inhibition,2,Reactive depression (situational) (disorder),NO
bioreddit,"I feel blocked and stuck when it comes to my studies or work, even though I want to move forward, and it leaves me feeling frustrated and discouraged.",Specific academic or work inhibition,3,"Mild major depression, single episode (disorder)",NO
bioreddit,"I feel blocked and stuck when it comes to my studies or work, even though I want to move forward, and it leaves me feeling frustrated and discouraged.",Specific academic or work inhibition,4,Mixed anxiety and depressive disorder (disorder),NO
bioreddit,"I feel blocked and stuck when it comes to my studies or work, even though I want to move forward, and it leaves me feeling frustrated and discouraged.",Specific academic or work inhibition,5,Physical AND emotional exhaustion state (disorder),NO
bioreddit,"I feel like I’m not performing to my potential academically, even though I put in effort, and it leaves me feeling disappointed and unsure of my abilities.",Academic underachievement disorder,1,"Moderate major depression, single episode (disorder)",NO
bioreddit,"I feel like I’m not performing to my potential academically, even though I put in effort, and it leaves me feeling disappointed and unsure of my abilities.",Academic underachievement disorder,2,"Single manic episode, moderate (disorder)",NO
bioreddit,"I feel like I’m not performing to my potential academically, even though I put in effort, and it leaves me feeling disappointed and unsure of my abilities.",Academic underachievement disorder,3,Reactive depression (situational) (disorder),NO
bioreddit,"I feel like I’m not performing to my potential academically, even though I put in effort, and it leaves me feeling disappointed and unsure of my abilities.",Academic underachievement disorder,4,"Mild major depression, single episode (disorder)",NO
bioreddit,"I feel like I’m not performing to my potential academically, even though I put in effort, and it leaves me feeling disappointed and unsure of my abilities.",Academic underachievement disorder,5,On examination - depressed (disorder),NO
bioreddit,"I feel constantly overwhelmed by the responsibility of caring for someone else, and it’s becoming harder to manage my own needs without feeling guilty or exhausted.",Carer stress syndrome,1,Physical AND emotional exhaustion state (disorder),NO
bioreddit,"I feel constantly overwhelmed by the responsibility of caring for someone else, and it’s becoming harder to manage my own needs without feeling guilty or exhausted.",Carer stress syndrome,2,"Moderate major depression, single episode (disorder)",NO
bioreddit,"I feel constantly overwhelmed by the responsibility of caring for someone else, and it’s becoming harder to manage my own needs without feeling guilty or exhausted.",Carer stress syndrome,3,Reactive depression (situational) (disorder),NO
bioreddit,"I feel constantly overwhelmed by the responsibility of caring for someone else, and it’s becoming harder to manage my own needs without feeling guilty or exhausted.",Carer stress syndrome,4,"Single manic episode, moderate (disorder)",NO
bioreddit,"I feel constantly overwhelmed by the responsibility of caring for someone else, and it’s becoming harder to manage my own needs without feeling guilty or exhausted.",Carer stress syndrome,5,"Mild major depression, single episode (disorder)",NO
mentalbert,"I’ve been feeling constantly overwhelmed and on edge since everything changed so suddenly, and even small daily tasks now feel hard to cope with.",Stress and adjustment reaction,1,Self-induced vomiting to lose weight (disorder),NO
mentalbert,"I’ve been feeling constantly overwhelmed and on edge since everything changed so suddenly, and even small daily tasks now feel hard to cope with.",Stress and adjustment reaction,2,Acute panic state due to acute stress reaction (disorder),NO
mentalbert,"I’ve been feeling constantly overwhelmed and on edge since everything changed so suddenly, and even small daily tasks now feel hard to cope with.",Stress and adjustment reaction,3,Acute stupor state due to acute stress reaction (disorder),NO
mentalbert,"I’ve been feeling constantly overwhelmed and on edge since everything changed so suddenly, and even small daily tasks now feel hard to cope with.",Stress and adjustment reaction,4,Acute fugue state due to acute stress reaction (disorder),NO
mentalbert,"I’ve been feeling constantly overwhelmed and on edge since everything changed so suddenly, and even small daily tasks now feel hard to cope with.",Stress and adjustment reaction,5,Single manic episode in full remission (disorder),NO
mentalbert,"I feel completely drained and worn down, as if I have nothing left to give, and even getting through the day feels exhausting.",Physical and emotional exhaustion state,1,Acute stupor state due to acute stress reaction (disorder),NO
mentalbert,"I feel completely drained and worn down, as if I have nothing left to give, and even getting through the day feels exhausting.",Physical and emotional exhaustion state,2,Self-induced vomiting to lose weight (disorder),NO
mentalbert,"I feel completely drained and worn down, as if I have nothing left to give, and even getting through the day feels exhausting.",Physical and emotional exhaustion state,3,Acute panic state due to acute stress reaction (disorder),NO
mentalbert,"I feel completely drained and worn down, as if I have nothing left to give, and even getting through the day feels exhausting.",Physical and emotional exhaustion state,4,"Chronic bipolar I disorder, most recent episode depressed (disorder)",NO
mentalbert,"I feel completely drained and worn down, as if I have nothing left to give, and even getting through the day feels exhausting.",Physical and emotional exhaustion state,5,Poor insight into neurotic condition (disorder),NO
mentalbert,"I feel intense fear and uneasiness when I’m away from the people I’m close to, and it’s hard for me to relax or focus until I know they’re okay.",Separation anxiety,1,Acute fugue state due to acute stress reaction (disorder),NO
mentalbert,"I feel intense fear and uneasiness when I’m away from the people I’m close to, and it’s hard for me to relax or focus until I know they’re okay.",Separation anxiety,2,Acute panic state due to acute stress reaction (disorder),NO
mentalbert,"I feel intense fear and uneasiness when I’m away from the people I’m close to, and it’s hard for me to relax or focus until I know they’re okay.",Separation anxiety,3,Acute stupor state due to acute stress reaction (disorder),NO
mentalbert,"I feel intense fear and uneasiness when I’m away from the people I’m close to, and it’s hard for me to relax or focus until I know they’re okay.",Separation anxiety,4,Stress reaction causing mixed disturbance of emotion and conduct (disorder),NO
mentalbert,"I feel intense fear and uneasiness when I’m away from the people I’m close to, and it’s hard for me to relax or focus until I know they’re okay.",Separation anxiety,5,Delusion of foul odor (disorder),NO
mentalbert,"I’m struggling to adapt to recent changes in my life, and I feel unsettled and unsure of myself in ways I didn’t expect.",Adjustment reaction of adult life,1,Poor insight into neurotic condition (disorder),NO
mentalbert,"I’m struggling to adapt to recent changes in my life, and I feel unsettled and unsure of myself in ways I didn’t expect.",Adjustment reaction of adult life,2,Acute stupor state due to acute stress reaction (disorder),NO
mentalbert,"I’m struggling to adapt to recent changes in my life, and I feel unsettled and unsure of myself in ways I didn’t expect.",Adjustment reaction of adult life,3,Acute fugue state due to acute stress reaction (disorder),NO
mentalbert,"I’m struggling to adapt to recent changes in my life, and I feel unsettled and unsure of myself in ways I didn’t expect.",Adjustment reaction of adult life,4,Acute panic state due to acute stress reaction (disorder),NO
mentalbert,"I’m struggling to adapt to recent changes in my life, and I feel unsettled and unsure of myself in ways I didn’t expect.",Adjustment reaction of adult life,5,Elaboration of physical symptoms for psychological reasons (disorder),NO
mentalbert,"I keep going over the same thoughts again and again, unable to let them go, even when I know it’s not helping me feel better.",Rumination disorder,1,Self-induced vomiting to lose weight (disorder),NO
mentalbert,"I keep going over the same thoughts again and again, unable to let them go, even when I know it’s not helping me feel better.",Rumination disorder,2,Acute stupor state due to acute stress reaction (disorder),NO
mentalbert,"I keep going over the same thoughts again and again, unable to let them go, even when I know it’s not helping me feel better.",Rumination disorder,3,Delusion of foul odor (disorder),NO
mentalbert,"I keep going over the same thoughts again and again, unable to let them go, even when I know it’s not helping me feel better.",Rumination disorder,4,Delusions of infestation (disorder),NO
mentalbert,"I keep going over the same thoughts again and again, unable to let them go, even when I know it’s not helping me feel better.",Rumination disorder,5,Acute panic state due to acute stress reaction (disorder),NO
mentalbert,"I’ve been feeling persistently low and weighed down since the changes in my life, and the sadness hasn’t lifted even as time has passed.",Prolonged depressive adjustment reaction,1,"Chronic bipolar I disorder, most recent episode depressed (disorder)",NO
mentalbert,"I’ve been feeling persistently low and weighed down since the changes in my life, and the sadness hasn’t lifted even as time has passed.",Prolonged depressive adjustment reaction,2,Single episode of major depression in full remission (disorder),NO
mentalbert,"I’ve been feeling persistently low and weighed down since the changes in my life, and the sadness hasn’t lifted even as time has passed.",Prolonged depressive adjustment reaction,3,Single manic episode in full remission (disorder),NO
mentalbert,"I’ve been feeling persistently low and weighed down since the changes in my life, and the sadness hasn’t lifted even as time has passed.",Prolonged depressive adjustment reaction,4,"Chronic bipolar II disorder, most recent episode major depressive (disorder)",NO
mentalbert,"I’ve been feeling persistently low and weighed down since the changes in my life, and the sadness hasn’t lifted even as time has passed.",Prolonged depressive adjustment reaction,5,Acute stupor state due to acute stress reaction (disorder),NO
mentalbert,"I’ve been feeling deeply low for a long time now, with little motivation or hope, and it’s hard to remember what it feels like to be myself again.","Chronic bipolar I disorder, most recent episode depressed",1,Self-induced vomiting to lose weight (disorder),NO
mentalbert,"I’ve been feeling deeply low for a long time now, with little motivation or hope, and it’s hard to remember what it feels like to be myself again.","Chronic bipolar I disorder, most recent episode depressed",2,Acute stupor state due to acute stress reaction (disorder),NO
mentalbert,"I’ve been feeling deeply low for a long time now, with little motivation or hope, and it’s hard to remember what it feels like to be myself again.","Chronic bipolar I disorder, most recent episode depressed",3,Elaboration of physical symptoms for psychological reasons (disorder),NO
mentalbert,"I’ve been feeling deeply low for a long time now, with little motivation or hope, and it’s hard to remember what it feels like to be myself again.","Chronic bipolar I disorder, most recent episode depressed",4,Single episode of major depression in full remission (disorder),NO
mentalbert,"I’ve been feeling deeply low for a long time now, with little motivation or hope, and it’s hard to remember what it feels like to be myself again.","Chronic bipolar I disorder, most recent episode depressed",5,Delusion of foul odor (disorder),NO
mentalbert,"I feel blocked and stuck when it comes to my studies or work, even though I want to move forward, and it leaves me feeling frustrated and discouraged.",Specific academic or work inhibition,1,"Chronic bipolar I disorder, most recent episode depressed (disorder)",NO
mentalbert,"I feel blocked and stuck when it comes to my studies or work, even though I want to move forward, and it leaves me feeling frustrated and discouraged.",Specific academic or work inhibition,2,Poor insight into neurotic condition (disorder),NO
mentalbert,"I feel blocked and stuck when it comes to my studies or work, even though I want to move forward, and it leaves me feeling frustrated and discouraged.",Specific academic or work inhibition,3,Insomnia disorder related to another mental disorder (disorder),NO
mentalbert,"I feel blocked and stuck when it comes to my studies or work, even though I want to move forward, and it leaves me feeling frustrated and discouraged.",Specific academic or work inhibition,4,Self-induced vomiting to lose weight (disorder),NO
mentalbert,"I feel blocked and stuck when it comes to my studies or work, even though I want to move forward, and it leaves me feeling frustrated and discouraged.",Specific academic or work inhibition,5,Mood disorder with major depressive-like episode due to general medical condition (disorder),NO
mentalbert,"I feel like I’m not performing to my potential academically, even though I put in effort, and it leaves me feeling disappointed and unsure of my abilities.",Academic underachievement disorder,1,Poor insight into neurotic condition (disorder),NO
mentalbert,"I feel like I’m not performing to my potential academically, even though I put in effort, and it leaves me feeling disappointed and unsure of my abilities.",Academic underachievement disorder,2,Self-induced vomiting to lose weight (disorder),NO
mentalbert,"I feel like I’m not performing to my potential academically, even though I put in effort, and it leaves me feeling disappointed and unsure of my abilities.",Academic underachievement disorder,3,Elaboration of physical symptoms for psychological reasons (disorder),NO
mentalbert,"I feel like I’m not performing to my potential academically, even though I put in effort, and it leaves me feeling disappointed and unsure of my abilities.",Academic underachievement disorder,4,"Chronic bipolar I disorder, most recent episode depressed (disorder)",NO
mentalbert,"I feel like I’m not performing to my potential academically, even though I put in effort, and it leaves me feeling disappointed and unsure of my abilities.",Academic underachievement disorder,5,Delusion of foul odor (disorder),NO
mentalbert,"I feel constantly overwhelmed by the responsibility of caring for someone else, and it’s becoming harder to manage my own needs without feeling guilty or exhausted.",Carer stress syndrome,1,Acute panic state due to acute stress reaction (disorder),NO
mentalbert,"I feel constantly overwhelmed by the responsibility of caring for someone else, and it’s becoming harder to manage my own needs without feeling guilty or exhausted.",Carer stress syndrome,2,Insomnia disorder related to another mental disorder (disorder),NO
mentalbert,"I feel constantly overwhelmed by the responsibility of caring for someone else, and it’s becoming harder to manage my own needs without feeling guilty or exhausted.",Carer stress syndrome,3,Self-induced vomiting to lose weight (disorder),NO
mentalbert,"I feel constantly overwhelmed by the responsibility of caring for someone else, and it’s becoming harder to manage my own needs without feeling guilty or exhausted.",Carer stress syndrome,4,Delusion of foul odor (disorder),NO
mentalbert,"I feel constantly overwhelmed by the responsibility of caring for someone else, and it’s becoming harder to manage my own needs without feeling guilty or exhausted.",Carer stress syndrome,5,Abuse of herbal medicine or folk remedy (disorder),NO
